title	summarized text
Coursera Review Our Experience and How it Works	Coursera is a super popular openonline education platform launched in 2012 and partnered with major universities and companies that offer all types of accredited courses. Coursera offers over 11 different categories each with tons of different courses to take. Corsair also offers two types of college education programs one is your master track certificates and count as valid college credits.
Coursera Review  My Thoughts After 5 Years and 40 Online Courses	Richard Wallace has been on Coursera for about the last five years and taken around 40 courses. In this video he'll be doing a comprehensive review of the platform to help you get a better understanding of whatvalueCoursera can bring to you. He'll cover them in five areas first is variety of content second is University and organization Partnerships third is user interface 4th is community and fifth is career advancement.
Top 5 Online Learning Platforms 2024  Review of Coursera  SkillShare  Udemy  EdX  LinkedIn	if you want to study something new but don't have the time or money to enroll in a college degree program you should consider taking a course on an online learning platform. Coursera is an excellent option for any non-traditional student who wants to accelerate their journey and pay much less for it. edx is an educational platform for students who want to access high-quality courses.
Coursera Review The Best Elearning Site	Coursera is a learning platform it's an e-learning platform but it is very different from other e- learning platforms like LinkedIn learning or other stuff. You can actually get professional certificates or you know even degrees actual you know bachelor's degrees or masterBreeze from accredited universities on Coursera while studying at home and so on. There are a few issues with CourserA specifically with the way it's sort of you know the assignments and stuff and it can be a bit expensive at time.
Palo Alto Networks Cybersecurity Professional Certificate Review  Coursera	Palo Alto networks cybersecurity professional certificate offered on Coursera. Designed to provide Learners with essential skills in cybersecurity networking and Cloud security. Four courses cover a range of fundamental cybersecurity topics.
ONLY UNSPONSORED Review of the Google Cybersecurity Certificate From Coursera	The Google cybersecurity certificate is designed to prepare you for a career as a cyber security analyst with a professional certificate from Google. It's provided entirely online with on-demand training which means that you can go at your own pace some of the jobs they say you can qualify for after you complete the program.
Coursera Review Why Is It the Best Online Learning Platform	my favorite online learning platforms so let's get started call Sarah. Call Sarah partners with over 2 7 5companies and universities including Yale Stanford Google and IBM to bring University level courses write to your screen. The flexibility it offers is commendable from video lectures assignments and quizzes to engage in group discussions the learning is comprehensive.
Coursera Plus 2023 Review 7000 Online Courses shortsvideo	unlock unlimited learning with Coursera plus hey today we're exploring Corsair plus a fantastic resource for lifelong Learners like you. One unlimited access to over 7,000 courses you're in the right place benefits with Corsair.
Coursera Review  Best Platform for Courses	In this video we're going to be taking a look at Coursera and seeing if it's truly good as people say it is. Once you have signed up over here all you have to do is enter in your work experience your education your University and degrees. That way they'll give you courses based on yourinformation that you give them.
Microsoft UX Design Professional Certificate Review  2024  Coursera Review	Microsoft ux design professional certificate this is one of the Microsoft's brand new car series on Coursera. No prior experience is needed whether you're looking to change carriers or starting fresh this program says you have this all the basicsplay heads on skills you need to succeed.
Meta Data Analyst Professional Certificate Review  2024  NEW on Coursera	 metadata analyst professional certificate is a brand new car series on Coursera. The program is designed to get your job ready and it does that by keeping you with the most important tools you need to succeed in today's competitive tech industry. It will take you about 5 months to complete it at 5 to 7 hours a week.
Microsoft Business Analyst Professional Certificate Review  2024 Coursera Review	Microsoft business analyst professional certificate Microsoft has recently released a few brand new courses and this is one of them. This program offers the perfect balance of knowledge and practical skills to help you succeed in the field of business analysis. It will take about 3 months to finish all six courses in the program.
Microsoft Power BI Data Analyst Professional Certificate  Review 2024 Coursera Review	Microsoft power bi data analyst professional certificate is the most popular course on the power bi technology you can find on Coursera. Over 40,000 students have already enrolled and it has a general rating of 4.6 out of 5 not so bad at all but is the scores the one you really need or will you be better off trying something else.
Andrew Ng  AI for Everyone  COURSERA Review	The course is designed for 4 weeks with very light load if you're super committed and properly caffeinated you can probably get through the whole thing in one day if you want the certificate of completion you have to pay $50. I think in few years course like this will be part of a general business curricula just like now when you join a company to take some management courses.
Math for Machine Learning by Imperial  Coursera REVIEW	I recently completed the mathematics for machine learning specialization on Coursera from Imperial College London. I wanted to share my thoughts on it with you now this is a course that I paid for myself so it's an honest review about my experiences with this course what I thought about it and what I gained from it.
IBM Full Stack Software Developer Professional Certificate  Review 2024 Coursera Review	IBM stock software developer professional certificate on Coursera and it's one of the most popular courses by IBM 54,000 already enrolled more than 4000 reviews and the general rating or 4.5 out of 5 but is this course worth taking today or maybe you should choose a different learning program.
Machine Learning Specialization on Coursera  Review	The machine learning specialization on Coursera is a revamped updated and more enhanced version of the one that he originally created. We're going to be diving into the courses so you can see what you're actually going to get if you decide to take this course but from everything I've seen is absolutely phenomenal.
I Reviewed the Python For Everybody Specialization on Coursera by University of Michigan	hey guys it's Greg I don't know how I missed it but apparently I have not reviewed the python for everybody specialization on Coursera offered by the University of Michigan. So I want to just review everything there is to go so what you're going to learn install python I sure hope so describe the basics of python.
7 Keys for Prompt Engineering  Coursera Review	I just completed the scores on prompt engineering and hear the top seven tips I learned. The course is divided into 6 weeks but it can be completed much faster. I did it at a pretty easy Pace in 4 days but if you completely clear your schedule you can probably complete in 48 hours.
