creator	title	link
@gradehacker	Coursera Review: Our Experience and How it Works	https://www.youtube.com/watch?v=l5V2BaoYnWo&pp=ygUPY291cnNlcmEgcmV2aWV3
@RichardWalls	Coursera Review | My Thoughts After 5 Years and 40 Online Courses	https://www.youtube.com/watch?v=V79x7045Bp0&pp=ygUPY291cnNlcmEgcmV2aWV3
@Daniel-Dann	Coursera Review (2024) - Is Coursera Worth it? - My Honest Feedback After Using it for Several Years	https://www.youtube.com/watch?v=rnpzU7GBHlI&pp=ygUPY291cnNlcmEgcmV2aWV3
@gradehacker	Top 5 Online Learning Platforms 2024 | Review of Coursera / SkillShare / Udemy / EdX / LinkedIn	https://www.youtube.com/watch?v=wY5n3uGZ6Js&pp=ygUPY291cnNlcmEgcmV2aWV3
@loistalagrand	Coursera Review (The Best E-learning Site?)	https://www.youtube.com/watch?v=LdQBrMWAU_w&pp=ygUPY291cnNlcmEgcmV2aWV3
@MotasemHamdan	Palo Alto Networks Cybersecurity Professional Certificate Review | Coursera	https://www.youtube.com/watch?v=Y6YNM-2P32Y&pp=ygUPY291cnNlcmEgcmV2aWV3
@JonGoodCyber	ONLY UNSPONSORED Review of the Google Cybersecurity Certificate From Coursera	https://www.youtube.com/watch?v=lZ6p_djgNWI&pp=ygUPY291cnNlcmEgcmV2aWV3
@vitaliylahno	Coursera Review: Why Is It the Best Online Learning Platform?	https://www.youtube.com/watch?v=91w68nfT3Qw&pp=ygUPY291cnNlcmEgcmV2aWV3
@Khosomaty	Coursera Plus 2023 Review 7000+ Online Courses #shortsvideo	https://www.youtube.com/shorts/Lds9UVRlzlQ
@thesocialguide7659	Coursera Review - Best Platform for Courses?	https://www.youtube.com/watch?v=QXb9gNPLB4A&pp=ygUPY291cnNlcmEgcmV2aWV3
@Daniel-Dann	Microsoft UX Design Professional Certificate Review - 2024 | Coursera Review	https://www.youtube.com/watch?v=6u85WIhZ8iE&pp=ygUPY291cnNlcmEgcmV2aWV3
@TheGuidingBoy	Coursera certificate value in India | Get a job with Coursera certificate | Coursera Review 2022	https://www.youtube.com/watch?v=6Wh0GW03wCY&pp=ygUPY291cnNlcmEgcmV2aWV3
@Daniel-Dann	Google it Support Professional Certificate Review - 2024 (Coursera Review)	https://www.youtube.com/watch?v=SE1B1WQXaa4&pp=ygUPY291cnNlcmEgcmV2aWV3
@AlexTheAnalyst	Meta Marketing Analytics Professional Certificate on Coursera | Review	https://www.youtube.com/watch?v=_QvQxm4dptI&pp=ygUPY291cnNlcmEgcmV2aWV3
@Khosomaty	Coursera Plus 2023 Review Unlimited Access to 7000+ Online Courses	https://www.youtube.com/watch?v=kqrntgfYSRk&pp=ygUPY291cnNlcmEgcmV2aWV3
@Daniel-Dann	Meta Data Analyst Professional Certificate Review - 2024 | NEW on Coursera	https://www.youtube.com/watch?v=isbTv2qSn_0&pp=ygUPY291cnNlcmEgcmV2aWV3
@Daniel-Dann	Microsoft Business Analyst Professional Certificate Review - 2024 (Coursera Review)	https://www.youtube.com/watch?v=aNee0nBMjjM&pp=ygUPY291cnNlcmEgcmV2aWV3
@Daniel-Dann	Microsoft Power BI Data Analyst Professional Certificate - Review 2024 (Coursera Review)	https://www.youtube.com/watch?v=pDjPCj_snKw&pp=ygUPY291cnNlcmEgcmV2aWV3
@AIMatej	Andrew Ng - AI for Everyone - COURSERA Review	https://www.youtube.com/watch?v=hqapTQVM4yQ&pp=ygUPY291cnNlcmEgcmV2aWV3
@Daniel-Dann	AWS Cloud Technology Consultant Professional Certificate Review - 2024 (Coursera) - WORTH it?	https://www.youtube.com/watch?v=FfXzCWX9rSA&pp=ygUPY291cnNlcmEgcmV2aWV3
@gilesmcmullen	Math for Machine Learning by Imperial & Coursera: REVIEW	https://www.youtube.com/watch?v=loLEqvaQ-Wc&pp=ygUPY291cnNlcmEgcmV2aWV3
@Daniel-Dann	Stanford Algorithms Specialization (Certificate) - Review 2024 (Coursera Review)	https://www.youtube.com/watch?v=tR2ZIvvvaT4&pp=ygUPY291cnNlcmEgcmV2aWV3
@Daniel-Dann	IBM Full Stack Software Developer Professional Certificate - Review 2024 (Coursera Review)	https://www.youtube.com/watch?v=WzrkjsG9Ai0&pp=ygUPY291cnNlcmEgcmV2aWV3
@AlexTheAnalyst	Machine Learning Specialization on Coursera | Review	https://www.youtube.com/watch?v=4nsdARJGzJ0&pp=ygUPY291cnNlcmEgcmV2aWV3
@GregHogg	I Reviewed the Python For Everybody Specialization on Coursera by University of Michigan	https://www.youtube.com/watch?v=8HuTYFR4VUM&pp=ygUPY291cnNlcmEgcmV2aWV3
@AIMatej	7 Keys for Prompt Engineering - Coursera Review	https://www.youtube.com/watch?v=XEAYRj9aOK4&pp=ygUPY291cnNlcmEgcmV2aWV3
